Nom,Plateforme,Studio de développement,Date de sortie
Alex Kidd in the Enchanted Castle,Mega Drive,Sega,1989-12-15
Altered Beast,Mega Drive,Sega,1988-10-29
Alisia Dragoon,Mega Drive,Game Arts,1992-04-24
Atomic Runner,Mega Drive,Data East,1992-08-07
Bio-Hazard Battle,Mega Drive,Sega,1992-02-14
Bonanza Bros.,Mega Drive,Sega,1991-05-17
Castle of Illusion Starring Mickey Mouse,Mega Drive,Sega,1990-11-21
Columns,Mega Drive,Sega,1990-06-30
Comix Zone,Mega Drive,Sega Technical Institute,1995-08-02
Contra: Hard Corps,Mega Drive,Konami,1994-09-15
Desert Strike,Mega Drive,Electronic Arts,1992-11-01
Dynamite Headdy,Mega Drive,Treasure,1994-08-05
Earthworm Jim,Mega Drive,Shiny Entertainment,1994-10-15
Ecco the Dolphin,Mega Drive,Novotrade,1992-12-20
ESWAT: City Under Siege,Mega Drive,Sega,1990-07-14
Flashback,Mega Drive,Delphine Software,1993-12-01
Gain Ground,Mega Drive,Sega,1991-12-27
Golden Axe,Mega Drive,Sega,1989-12-23
Golden Axe II,Mega Drive,Sega,1991-12-27
Golden Axe III,Mega Drive,Sega,1993-06-25
Gunstar Heroes,Mega Drive,Treasure,1993-09-10
Herzog Zwei,Mega Drive,Technosoft,1989-12-15
James Pond II: Codename RoboCod,Mega Drive,Millennium Interactive,1991-11-01
Kid Chameleon,Mega Drive,Sega,1992-05-28
Landstalker,Mega Drive,Climax Entertainment,1992-10-30
Light Crusader,Mega Drive,Treasure,1995-05-26
Mega Turrican,Mega Drive,Factor 5,1994-03-01
Mercs,Mega Drive,Capcom,1991-09-27
MUSHA,Mega Drive,Compile,1990-12-21
OutRun,Mega Drive,Sega,1991-08-09
Phantasy Star II,Mega Drive,Sega,1989-03-21
Phantasy Star III,Mega Drive,Sega,1990-04-21
Phantasy Star IV,Mega Drive,Sega,1993-12-17
QuackShot Starring Donald Duck,Mega Drive,Sega,1991-12-20
Ristar,Mega Drive,Sega,1995-02-16
Rocket Knight Adventures,Mega Drive,Konami,1993-08-05
Shining Force,Mega Drive,Climax Entertainment,1992-03-20
Shining Force II,Mega Drive,Camelot Software Planning,1993-10-01
Shining in the Darkness,Mega Drive,Climax Entertainment,1991-03-29
Soleil,Mega Drive,Nextech,1994-05-27
Sonic the Hedgehog,Mega Drive,Sonic Team,1991-06-23
Sonic the Hedgehog 2,Mega Drive,Sonic Team,1992-11-21
Sonic the Hedgehog 3,Mega Drive,Sonic Team,1994-02-02
Streets of Rage,Mega Drive,Sega,1991-08-02
Streets of Rage 2,Mega Drive,Ancient,1992-12-20
Streets of Rage 3,Mega Drive,Ancient,1994-03-18
The Revenge of Shinobi,Mega Drive,Sega,1989-12-02
Thunder Force III,Mega Drive,Technosoft,1990-06-08
Thunder Force IV,Mega Drive,Technosoft,1992-07-24
ToeJam & Earl,Mega Drive,Johnson Voorsanger Productions,1991-10-25