"nom_machine","nom_fabricant","date_mise_en_vente","date_retrait_vente"
"Magnavox Odyssey","Magnavox","1972-09","1975"
"Ping-O-Tronic","Zanussi/Sèleco","1974","Inconnue"
"Overkal","Inter Electrónica","1974","Inconnue"
"Tele-Games Pong","Atari/Sears","1975","1977"
"Atari Home Pong","Atari","1975","1977"
"Coleco Telstar","Coleco","1976","1978"
"APF TV Fun","APF Electronics","1976","1978"
"Binatone TV Master","Binatone","1976","Inconnue"
"Color TV-Game 6","Nintendo","1977-06-01","1978"
"Color TV-Game 15","Nintendo","1977-06-08","1980"
"BSS 01","RFT","1977","Inconnue"
"VideoSport MK2","Henry's","1977","Inconnue"
"TVG-10","Philips","1977","Inconnue"
"Odyssey 300","Magnavox","1976","1977"
"Odyssey 400","Magnavox","1976","1977"
"Odyssey 500","Magnavox","1976","1977"
"Odyssey 2000","Magnavox","1977","1978"
"Odyssey 3000","Magnavox","1977","1978"
"Odyssey 4000","Magnavox","1977","1978"
"Coleco Telstar Alpha","Coleco","1977","1978"
"Coleco Telstar Colormatic","Coleco","1977","1978"
"Coleco Telstar Regent","Coleco","1977","1978"
"Coleco Telstar Ranger","Coleco","1977","1978"
"Coleco Telstar Combat!","Coleco","1977","1978"
"Stunt Cycle","Atari","1977","1978"
"Atari Video Pinball","Atari","1977","1978"
"Color TV-Game Racing 112","Nintendo","1978-06-08","1980"
"Coleco Telstar Arcade","Coleco","1978","1979"
"Bandai TV Jack 5000","Bandai","1978","Inconnue"
"Channel F","Fairchild Camera and Instrument","1976-11","1983"
"RCA Studio II","RCA","1977-01","1979"
"Atari 2600 / Video Computer System","Atari","1977-09-11","1992-01-01"
"Bally Astrocade","Bally/Midway","1978-04","1985"
"APF-MP1000","APF Electronics","1978-01-01","Inconnue"
"1292 Advanced Programmable Video System","Audiosonic","1978","Inconnue"
"Champion 2711","Unisonic","1978","Inconnue"
"Interton VC 4000","Interton","1978","1983"
"Palladium Tele-Cassetten Game","Palladium","1978","Inconnue"
"Odyssey 2 / Videopac G7000","Magnavox/Philips","1978-12","1984"
"APF Imagination Machine","APF Electronics","1979","Inconnue"
"Bandai Super Vision 8000","Bandai","1979","1982"
"Intellivision","Mattel Electronics","1980","1990"
"VTech CreatiVision","VTech","1981","1986"
"Cassette Vision","Epoch","1981-07-30","1984"
"Arcadia 2001","Emerson Radio","1982-05","1984"
"SHG Black Point","Süddeutsche Elektro-Hausgeräte","1982","Inconnue"
"ColecoVision","Coleco","1982-08","1985-10"
"Atari 5200","Atari","1982-11","1984-05-21"
"Vectrex","General Consumer Electronics/Milton Bradley","1982-11","1984"
"Compact Vision TV Boy","Gakken","1983-10","Inconnue"
"Videopac+ G7400","Philips","1983","1984"
"My Vision","Nichibutsu","1983","Inconnue"
"Pyuuta Jr.","Tomy","1983-04","Inconnue"
"SG-1000","Sega","1983-07-15","1985"
"Nintendo Entertainment System / Famicom","Nintendo","1983-07-15","2003-09"
"PV-1000","Casio","1983-10","1984"
"Super Cassette Vision","Epoch","1984-07-17","1987"
"Bridge Companion","BBC/Heber","1985","Inconnue"
"Video Art","LJN","1985","Inconnue"
"Zemmix","Daewoo Electronics","1985","1995"
"Master System / Sega Mark III","Sega","1985-10-20","1996"
"Family Computer Disk System","Nintendo","1986-02-21","1992"
"Videosmarts","Connor Electronics/VTech","1986","1990"
"Atari 7800","Atari Corporation","1986-05","1992-01-01"
"Atari XEGS","Atari Corporation","1987","1992"
"Video Challenger","Tomy/Bandai","1987","Inconnue"
"Action Max","Worlds of Wonder","1987","1988"
"PC Engine / TurboGrafx-16","NEC/Hudson Soft","1987-10-30","1994"
"View-Master Interactive Vision","View-Master Ideal Group","1988","Inconnue"
"Terebikko","Bandai","1988","Inconnue"
"VTech Socrates","VTech","1988","1996"
"Video Driver","Sega","1988-10","Inconnue"
"Mega Drive / Genesis","Sega","1988-10-29","1997"
"TurboGrafx-CD / CD-ROM2","NEC","1988-12-04","1994"
"PC Engine SuperGrafx","NEC","1989-12-08","1991"
"Neo Geo AES","SNK","1990-04-26","1997"
"GX4000","Amstrad","1990-09","1991"
"Super Nintendo Entertainment System / Super Famicom","Nintendo","1990-11-21","2003-09"
"Commodore 64 Games System","Commodore","1990-12","1991"
"CDTV","Commodore","1991-03","1993"
"CD-i","Philips","1991-12-03","1998"
"Mega-CD / Sega CD","Sega","1991-12-12","1996"
"Picno","Konami","1992","Inconnue"
"Memorex VIS","Memorex/Tandy","1992-06","1994"
"FM Towns Marty","Fujitsu","1993-02-20","1995"
"Sega Pico","Sega","1993-06-26","2005"
"Pioneer LaserActive","Pioneer","1993-08-20","1994"
"Amiga CD32","Commodore","1993-09-17","1994"
"3DO Interactive Multiplayer","The 3DO Company/Panasonic/Sanyo/GoldStar","1993-10-04","1996"
"Atari Jaguar","Atari Corporation","1993-11-23","1996"
"CPS Changer","Capcom","1994","1995"
"Neo Geo CD","SNK","1994-09-09","1997"
"Playdia","Bandai","1994-09-23","1996"
"Sega 32X","Sega","1994-11-21","1996"
"Sega Saturn","Sega","1994-11-22","2000"
"PlayStation","Sony Computer Entertainment","1994-12-03","2006-03-23"
"PC-FX","NEC","1994-12-23","1998"
"Pippin","Apple/Bandai","1995-03-28","1997"
"Satellaview","Nintendo","1995-04-23","2000-06-30"
"Atari Jaguar CD","Atari Corporation","1995-09-21","1996"
"Casio Loopy","Casio","1995-10-19","1998"
"Super A'Can","Funtech","1995-10-25","1996"
"Nintendo 64","Nintendo","1996-06-23","2003-11-30"
"Dreamcast","Sega","1998-11-27","2001-03-31"
"Nintendo 64DD","Nintendo","1999-12-01","2001-02"
"Nuon","VM Labs","2000","2003"
"PlayStation 2","Sony Computer Entertainment","2000-03-04","2013-01-04"
"GameCube","Nintendo","2001-09-14","2007"
"Xbox","Microsoft","2001-11-15","2009-03-02"
"DVD Kids","3-Plus","2002","Inconnue"
"XavixPORT","SSD Company Limited","2004","Inconnue"
"V.Smile","VTech","2004-08-04","2015"
"Game Wave Family Entertainment System","ZAPiT Games","2005-10","2009"
"Xbox 360","Microsoft","2005-11-22","2016-04-20"
"Advanced Pico Beena","Sega","2005","2011"
"V.Smile Baby Infant Development System","VTech","2006","2010"
"V.Flash","VTech","2006-09","2007"
"HyperScan","Mattel","2006-10-23","2007"
"PlayStation 3","Sony Computer Entertainment","2006-11-11","2017-05-29"
"Wii","Nintendo","2006-11-19","2017-10-20"
"Sport Vii","JungleTac","2007","Inconnue"
"EVO Smart Console","Envizions","2008-11-20","2009"
"Zeebo","Zeebo Inc./TecToy","2009-05-25","2011-09-30"
"CT510","Eedoo","2012-04-29","Inconnue"
"Wii U","Nintendo","2012-11-18","2017-01-31"
"Ouya","Ouya Inc.","2013-06-25","2015-07-27"
"PlayStation 4","Sony Interactive Entertainment","2013-11-15","2024-03-28"
"Xbox One","Microsoft","2013-11-22","2020-07-16"
"Fuze Tomahawk F1","Fuze Entertainment","2016-06-01","Inconnue"
"Nintendo Switch","Nintendo","2017-03-03","En vente"
"Xbox Series X/S","Microsoft","2020-11-10","En vente"
"PlayStation 5","Sony Interactive Entertainment","2020-11-12","En vente"
"Atari VCS","Atari","2021-06-10","2022-12"
"Polymega","Playmaji","2021-09-12","En vente"
"Evercade VS","Blaze Entertainment","2021-12","En vente"
"Nintendo Switch 2","Nintendo","2025-06-05","En vente"
"Microvision","Milton Bradley","1979","1981"
"Entex Select-A-Game","Entex Industries","1981","1982"
"Entex Adventure Vision","Entex Industries","1982","1983"
"Palmtex Portable Videogame System / Super Micro","Palmtex","1984","1984"
"Digi Casse","Bandai","1984","Inconnue"
"Epoch Game Pocket Computer","Epoch","1984","1985"
"Etch A Sketch Animator 2000","Ohio Art Company","1988","Inconnue"
"Game Boy","Nintendo","1989-04-21","2003-03-23"
"Atari Lynx","Atari Corporation","1989-09","1995"
"Game Gear","Sega","1990-10-06","1997"
"TurboExpress / PC Engine GT","NEC","1990-12-01","1994"
"Gamate","Bit Corporation","1990","1993"
"Game Master","Hartung","1990","Inconnue"
"Watara Supervision","Watara","1992","1996"
"Mega Duck / Cougar Boy","Welback Holdings","1993","Inconnue"
"Sega Nomad","Sega","1995-10","1999"
"Design Master Senshi Mangajukuu","Bandai","1995","Inconnue"
"Game.com","Tiger Electronics","1997-08","2000"
"Game Boy Color","Nintendo","1998-10-21","2003-03-23"
"Neo Geo Pocket","SNK","1998-10-28","1999"
"WonderSwan","Bandai","1999-03-04","2003"
"Neo Geo Pocket Color","SNK","1999-03-16","2001"
"PocketStation","Sony Computer Entertainment","1999-01-23","2002-07"
"Cybiko","Cybiko Inc.","2000","2003"
"WonderSwan Color","Bandai","2000-12-09","2003"
"Game Boy Advance","Nintendo","2001-03-21","2008-05-15"
"GP32","Game Park","2001-11-23","2005"
"Pokémon Mini","Nintendo","2001-11-16","2002"
"SwanCrystal","Bandai","2002-07-12","2003"
"N-Gage","Nokia","2003-10-07","2005"
"Tapwave Zodiac","Tapwave","2003-10","2005-07"
"GameKing","Timetop","2003","Inconnue"
"Nintendo DS","Nintendo","2004-11-21","2013"
"PlayStation Portable","Sony Computer Entertainment","2004-12-12","2014"
"GameKing II","Timetop","2004","Inconnue"
"Gizmondo","Tiger Telematics","2005-03-19","2006-02"
"GP2X","GamePark Holdings","2005-11-10","2008"
"Dingoo A320","Dingoo Digital","2009","2010"
"Pandora","OpenPandora","2010-05-21","2013"
"Nintendo 3DS","Nintendo","2011-02-26","2020-09-16"
"PlayStation Vita","Sony Computer Entertainment","2011-12-17","2019-03-01"
"Neo Geo X","Tommo/SNK Playmore","2012-12-18","2013-10-02"
"Game Gadget","Blaze Europe","2012","2013"
"Nvidia Shield Portable","Nvidia","2013-07-31","2018"
"GCW Zero","Game Consoles Worldwide","2013","2016"
"GPD XD","GamePad Digital","2015","2018"
"Arduboy","Arduboy Inc.","2016","2021"
"GPD Win","GamePad Digital","2016-10","2018"
"Evercade","Blaze Entertainment","2020-05-22","2023"
"Analogue Pocket","Analogue","2021-12-13","En vente"
"Ayaneo","Ayaneo","2021","2022"
"Steam Deck","Valve","2022-02-25","En vente"
"Thumby","TinyCircuits","2022","En vente"
"Playdate","Panic","2022-04-18","En vente"
"Ayaneo 2","Ayaneo","2022-12","2023"
"Logitech G Cloud","Logitech/Tencent","2022-10-17","En vente"
"Razer Edge","Razer","2023-01-26","En vente"
"Asus ROG Ally","Asus","2023-06-13","En vente"
"Lenovo Legion Go","Lenovo","2023-10-31","En vente"
"MSI Claw A1M","MSI","2024-03","En vente"
"ROG Xbox Ally","Asus/Microsoft","2025-10-16","En vente"
"Mattel Handheld Games","Mattel","1976","1982"
"Blip","Tomy","1977","Inconnue"
"Coleco Handheld Games","Coleco","1978","Inconnue"
"Merlin","Parker Brothers","1978","Inconnue"
"VTech Handheld Games","VTech/Palmtex","1979","1991"
"Game & Watch","Nintendo","1980-04-28","1991"
"Astro Wars","Grandstand","1981","Inconnue"
"LCD Solarpower","Bandai","1982","Inconnue"
"Tiger Electronics Handheld Games","Tiger Electronics","1987","2003"
"Acclaim Handheld Games","Acclaim Entertainment","1988","1991"
"Barcode Battler","Epoch","1991","Inconnue"
"Nintendo Mini Classics","Nintendo","1998","En vente"
"Pokémon Pikachu","Nintendo","1998-03-27","1999"
"Pokémon Pikachu 2 GS","Nintendo","1999-11-21","2002"
"Atari Flashback","Atari","2004-11","2005"
"Atari Flashback 2","Atari","2005-08","2006"
"C64 Direct-to-TV","Mammoth Toys/Techno Source","2004","2005"
"NES Classic Edition","Nintendo","2016-11-10","2018"
"Super NES Classic Edition","Nintendo","2017-09-29","2018"
"Neo Geo Mini","SNK","2018-07-24","2020"
"PlayStation Classic","Sony Interactive Entertainment","2018-12-03","2019"
"Sega Genesis Mini / Mega Drive Mini","Sega","2019-09-19","2021"
"TurboGrafx-16 Mini / PC Engine Mini","Konami","2020-03-19","2021"
"Astro City Mini","Sega Toys","2020-12-17","2022"
"Evercade EXP","Blaze Entertainment","2022-12-15","En vente"
"Sega Genesis Mini 2 / Mega Drive Mini 2","Sega","2022-10-27","2023"
"Atari 2600+","Atari","2023-11-17","En vente"
"Evercade Alpha","Blaze Entertainment","2024-11-28","En vente"
"Atari 7800+","Atari","2024-11-29","En vente"
