Nom du jeu;Plateforme;Studio de développement;Date de sortie
90 Minutes European Prime Goal;Super Nintendo;Namco;20/12/1995
Aaahh!!! Real Monsters;Super Nintendo;Realtime Associates;1995
Acme Animation Factory;Super Nintendo;Probe Entertainment;03/1995
ActRaiser;Super Nintendo;Quintet;18/03/1993
ActRaiser 2;Super Nintendo;Quintet;11/1994
Addams Family Values;Super Nintendo;Ocean Software;28/03/1996
Aero the Acro-Bat;Super Nintendo;Iguana Entertainment;11/1993
Aero the Acro-Bat 2;Super Nintendo;Iguana Entertainment;08/1994
Aguri Suzuki F-1 Super Driving;Super Nintendo;Genki;1993
Air Cavalry;Super Nintendo;Synergistic Software;1995
Al Unser Jr.'s Road to the Top;Super Nintendo;Radical Entertainment;1994
Aladdin;Super Nintendo;Capcom;27/01/1994
Alfred Chicken;Super Nintendo;Twilight Games;1994
Alien 3;Super Nintendo;Probe Entertainment;28/06/1993
Alien vs Predator;Super Nintendo;Jorudan;1993
All-American Championship Football;Super Nintendo;Malibu Games;1994
An American Tail: Fievel Goes West;Super Nintendo;Shimada Kikaku;11/1994
Animaniacs;Super Nintendo;Konami;12/1994
Another World;Super Nintendo;Delphine Software International;1992
Archer Maclean's Super Dropzone;Super Nintendo;Eurocom Entertainment Software;12/1995
Arcus OdysseyNA;Super Nintendo;Wolf Team;Cancelled
Ardy Lightfoot;Super Nintendo;ASCII Entertainment;31/10/1994
Arkanoid: Doh It Again;Super Nintendo;Taito;18/12/1997
Art of Fighting;Super Nintendo;Monolith Corporation;1993
Asterix;Super Nintendo;Infogrames;30/05/1993
Asterix & Obelix;Super Nintendo;Infogrames;28/09/1995
Axelay;Super Nintendo;Konami;30/09/1992
B.O.B.;Super Nintendo;Gray Matter;22/07/1993
Barkley Shut Up and Jam!;Super Nintendo;Accolade;12/1994
Bass Masters Classic: Pro Edition;Super Nintendo;Black Pearl Software;11/1996
Batman Forever;Super Nintendo;Probe Entertainment;07/09/1995
Batman Returns;Super Nintendo;Konami;07/05/1993
Battle Clash;Super Nintendo;Intelligent Systems;18/03/1993
Battletoads & Double Dragon: The Ultimate Team;Super Nintendo;Rare;10/07/1994
Battletoads in Battlemaniacs;Super Nintendo;Rare;10/1993
Beauty and the Beast;Super Nintendo;Probe Entertainment;23/02/1995
Beavis and Butt-head;Super Nintendo;Realtime Associates;05/1995
Beethoven's 2nd;Super Nintendo;Riedel Software Productions;1993
Best of the Best: Championship Karate;Super Nintendo;Loriciel;1993
Big Sky Trooper;Super Nintendo;LucasArts;1995
Biker Mice from Mars;Super Nintendo;Konami;01/1995
BioMetal;Super Nintendo;Athena;1993
Blackhawk;Super Nintendo;Blizzard Entertainment;23/02/1995
Blazing Skies;Super Nintendo;Malibu Interactive;21/01/1993
Boogerman: A Pick and Flick Adventure;Super Nintendo;Interplay Entertainment;25/01/1996
Boxing Legends of the Ring;Super Nintendo;Sculptured Software;1993
Bram Stoker's Dracula;Super Nintendo;Psygnosis / Traveller's Tales;1993
Brawl Brothers: Rival Turf! 2;Super Nintendo;Jaleco;1993
Breath of Fire II;Super Nintendo;Capcom;25/04/1996
Brett Hull Hockey;Super Nintendo;Radical Entertainment;1994
Brutal: Paws of Fury;Super Nintendo;Eurocom Entertainment Software;1994
Bubsy II;Super Nintendo;Accolade;04/06/1994
Bubsy in Claws Encounters of the Furred Kind;Super Nintendo;Accolade / Solid Software;28/10/1993
Bugs Bunny Rabbit Rampage;Super Nintendo;Viacom New Media;29/09/1994
Bulls vs. Blazers and the NBA Playoffs;Super Nintendo;Electronic Arts;1992
Cal Ripken Jr. Baseball;Super Nintendo;Acme Interactive;1993
California Games II;Super Nintendo;Silicon Sorcery;1993
Cannon Fodder;Super Nintendo;Sensible Software;01/1994
Captain America and The Avengers;Super Nintendo;Realtime Associates;1993
Captain Commando;Super Nintendo;Capcom;1995
Carrier Aces;Super Nintendo;Synergistic Software;1995
Casper;Super Nintendo;Imagineering;1997
Castlevania: Vampire's Kiss;Super Nintendo;Konami;22/02/1996
Champions World Class Soccer;Super Nintendo;Park Place Productions;19/05/1994
Championship Pool;Super Nintendo;Bitmasters;1993
Choplifter III;Super Nintendo;Beam Software;1994
Chuck Rock;Super Nintendo;Core Design;1992
ClayFighter;Super Nintendo;Visual Concepts;26/05/1994
ClayFighter 2: Judgment Clay;Super Nintendo;Interplay Entertainment;23/05/1995
Claymates;Super Nintendo;Visual Concepts;20/11/1993
Cliffhanger;Super Nintendo;Malibu Interactive;1993
Congo's Caper;Super Nintendo;Data East;1993
Cool Spot;Super Nintendo;Virgin Interactive Entertainment;24/02/1994
Cool World;Super Nintendo;Painting by Numbers;1992
Cutthroat Island;Super Nintendo;Software Creations (UK);1996
Cybernator;Super Nintendo;NCS Corp;1993
Daffy Duck: The Marvin Missions;Super Nintendo;ICOM Simulations;28/04/1994
Darius Twin;Super Nintendo;Taito;22/04/1993
David Crane's Amazing Tennis;Super Nintendo;Imagineering;1992
Daze Before Christmas;Super Nintendo;Funcom;01/11/1994
Demolition Man;Super Nintendo;Alexandria;28/09/1995
Demon's Crest;Super Nintendo;Capcom;01/03/1995
Dennis;Super Nintendo;Ocean Software;1993
Desert Fighter;Super Nintendo;Opus;09/1994
Desert Strike: Return to the Gulf;Super Nintendo;Visual Concepts;27/05/1993
Dino Dini's Soccer;Super Nintendo;Eurocom Entertainment Software;10/11/1994
DinoCity;Super Nintendo;Irem;1992
Dirt Racer;Super Nintendo;MotiveTime;31/05/1995
Dirt Trax FX;Super Nintendo;Sculptured Software;1995
Donkey Kong Country;Super Nintendo;Rare;24/11/1994
Donkey Kong Country 2: Diddy's Kong Quest;Super Nintendo;Rare;14/12/1995
Donkey Kong Country 3: Dixie Kong's Double Trouble!;Super Nintendo;Rare;13/12/1996
Doom;Super Nintendo;Sculptured Software;26/10/1995
Double Dragon V: The Shadow Falls;Super Nintendo;Leland Interactive Media;10/07/1994
Dragon Ball Z: Hyper Dimension;Super Nintendo;Tose;02/1997
Dragon Ball Z: Super Butōden;Super Nintendo;Tose;30/11/1993
Dragon Ball Z: Super Butōden 2;Super Nintendo;Tose;06/1994
Dragon Ball Z: Super Butōden 3;Super Nintendo;Tose;03/1995
Dragon's Lair;Super Nintendo;MotiveTime;1993
Dragon: The Bruce Lee Story;Super Nintendo;;23/02/1995
Drakkhen;Super Nintendo;Kemco;1992
Dungeon Master;Super Nintendo;Software Heaven / FTL Games;1993
Earth Defense Force;Super Nintendo;Jaleco;1992
Earthworm Jim;Super Nintendo;Shiny Entertainment;16/12/1994
Earthworm Jim 2;Super Nintendo;Shiny Entertainment;25/01/1996
Eek! The Cat;Super Nintendo;CTA Developments;1994
Equinox;Super Nintendo;Software Creations;25/03/1994
ESPN Baseball Tonight;Super Nintendo;Park Place Productions;11/1994
Euro Football Champ;Super Nintendo;Taito;1992
F-Zero;Super Nintendo;Nintendo EAD;11/04/1992
F1 Pole Position;Super Nintendo;Human Entertainment;12/1993
F1 Pole Position 2;Super Nintendo;Human Entertainment;29/12/1993
F1 ROC: Race of Champions;Super Nintendo;SETA;1992
F1 World Championship Edition;Super Nintendo;Domark;01/01/1995
Family Dog;Super Nintendo;Imagineering;1993
Fatal Fury;Super Nintendo;Takara;1993
Fatal Fury 2;Super Nintendo;Takara;1994
Fatal Fury Special;Super Nintendo;Monolith;1995
Fever Pitch Soccer;Super Nintendo;U.S. Gold;1995
FIFA 97: Gold Edition;Super Nintendo;Electronic Arts;22/11/1996
FIFA International Soccer;Super Nintendo;Extended Play Productions;23/06/1994
FIFA Soccer 96;Super Nintendo;Extended Play Productions / Probe Entertainment;23/11/1995
FIFA: Road to World Cup 98;Super Nintendo;Electronic Arts;03/09/1997
Final Fight;Super Nintendo;Capcom;10/12/1992
Final Fight 2;Super Nintendo;Capcom;12/1993
Final Fight 3;Super Nintendo;Capcom;13/03/1996
First Samurai;Super Nintendo;Vivid Image;1993
Flashback;Super Nintendo;Delphine Software International / Tiertex Design Studios;1994
Foreman For Real;Super Nintendo;Software Creations;28/09/1995
Frank Thomas' Big Hurt Baseball;Super Nintendo;Iguana Entertainment;1995
Frantic Flea;Super Nintendo;Haus Teknikka;1996
Full Throttle: All-American Racing;Super Nintendo;Gremlin Interactive;1994
Fun 'n Games;Super Nintendo;Leland Interactive Media;25/05/1994
Ghoul Patrol;Super Nintendo;LucasArts;1994
Gods;Super Nintendo;Bitmap Brothers;1992
Goof Troop;Super Nintendo;Capcom;25/11/1993
GP-1;Super Nintendo;Atlus;1993
Hagane: The Final Conflict;Super Nintendo;CAProduction / Red Company;04/1995
Hal's Hole in One Golf;Super Nintendo;HAL Laboratory;22/10/1992
Hanna Barbera's Turbo Toons;Super Nintendo;Empire Interactive;11/1994
Harley's Humongous Adventure;Super Nintendo;Visual Concepts;1993
Harvest Moon;Super Nintendo;Pack-In-Video;29/01/1998
Hebereke's Popoitto;Super Nintendo;Sunsoft;30/09/1995
Hebereke's Popoon;Super Nintendo;Sunsoft;22/02/1994
Home Alone;Super Nintendo;Imagineering;1992
Home Alone 2: Lost in New York;Super Nintendo;Imagineering;1993
Hook;Super Nintendo;Ukiyotei;23/11/1993
Hungry Dinosaurs;Super Nintendo;Magical Company;03/01/1995
Hurricanes;Super Nintendo;Probe Entertainment;1995
Hyper V-Ball;Super Nintendo;Video System;1994
HyperZone;Super Nintendo;HAL Laboratory;1992
Illusion of Time;Super Nintendo;Quintet;21/06/1995
Incantation;Super Nintendo;Titus Software;1996
Indiana Jones' Greatest Adventures;Super Nintendo;Factor 5;30/03/1995
International Sensible Soccer: World Champions;Super Nintendo;Sensible Software;1994
International Superstar Soccer;Super Nintendo;Konami;23/05/1995
International Superstar Soccer Deluxe;Super Nintendo;Konami;25/01/1996
International Tennis Tour;Super Nintendo;Loriciel;1993
Iron Commando;Super Nintendo;Arcade Zone;Cancelled
Izzy's Quest for the Olympic Rings;Super Nintendo;Alexandria;1995
J.R.R. Tolkien's The Lord of the Rings, Vol. I;Super Nintendo;Interplay Entertainment;23/05/1995
Jack Nicklaus Golf;Super Nintendo;Leland Interactive Media;1992
James Bond Jr.;Super Nintendo;Gray Matter;1992
James Pond 3: Operation Starfish;Super Nintendo;Vectordean;1993
James Pond's Crazy Sports;Super Nintendo;Vectordean;1994
Jelly Boy;Super Nintendo;Probe Entertainment;03/1995
Jimmy Connors Pro Tennis Tour;Super Nintendo;Blue Byte;27/10/1994
Joe & Mac 3: Lost in the Tropics;Super Nintendo;Data East;11/1995
Joe & Mac: Caveman Ninja;Super Nintendo;Data East;1992
John Madden Football '93;Super Nintendo;EA Canada;1992
Judge Dredd;Super Nintendo;Probe Entertainment;24/08/1995
Jungle Strike;Super Nintendo;Gremlin Interactive;1995
Jurassic Park;Super Nintendo;Ocean Software;29/12/1993
Jurassic Park 2: The Chaos Continues;Super Nintendo;Ocean Software;1994
Justice League Task Force;Super Nintendo;Blizzard Entertainment;07/1995
Kawasaki Superbike Challenge;Super Nintendo;Domark;1995
Kevin Keegan's Player Manager;Super Nintendo;Anco;1993
Kick Off;Super Nintendo;Anco;1993
Kick Off 3: European Challenge;Super Nintendo;Anco;1994
Kid Klown in Crazy Chase;Super Nintendo;Kemco;1995
Killer Instinct;Super Nintendo;Rare;21/09/1995
King Arthur's World;Super Nintendo;Argonaut Software;1993
King of the Monsters;Super Nintendo;Genki;1992
Kirby's Dream Course;Super Nintendo;HAL Laboratory / Nintendo EAD;24/08/1995
Kirby's Fun Pak;Super Nintendo;HAL Laboratory;23/01/1997
Kirby's Ghost Trap;Super Nintendo;HAL Laboratory (Kirby's Avalanche / Kirby's Ghost Trap only) / Compile;01/02/1995
Krusty's Super Fun House;Super Nintendo;Audiogenic;1992
Lagoon;Super Nintendo;Kemco;27/05/1993
Lamborghini American Challenge;Super Nintendo;Titus Software;1993
Last Action Hero;Super Nintendo;Bits Studios;10/12/1993
Legend;Super Nintendo;Arcade Zone;21/12/1994
Lemmings;Super Nintendo;Sunsoft / Chat Noir;08/1992
Lemmings 2: The Tribes;Super Nintendo;DMA Design;1994
Lethal Enforcers;Super Nintendo;Konami;1994
Lethal Weapon;Super Nintendo;Ocean Software;1992
Little Magic;Super Nintendo;;Cancelled
Lock On;Super Nintendo;Copya Systems;1993
Looney Tunes Basketball;Super Nintendo;Sculptured Software;05/1995
Looney Tunes: Road Runner;Super Nintendo;ICOM Simulations;30/09/1993
Lucky Luke;Super Nintendo;Infogrames;27/10/1997
Lufia;Super Nintendo;Neverland;1997
Madden NFL '94;Super Nintendo;Visual Concepts;1994
Madden NFL '95;Super Nintendo;Visual Concepts;1994
Magic Boy;Super Nintendo;Blue Turtle;1996
Magic Sword;Super Nintendo;Minakuchi Engineering;18/03/1993
Major Title;Super Nintendo;Irem;1993
Manchester United Championship Soccer;Super Nintendo;Krisalis Software;1995
Mario is Missing!;Super Nintendo;The Software Toolworks;09/1993
Mario Paint;Super Nintendo;Nintendo R&D1 / Intelligent Systems;10/12/1992
Mario's Time Machine;Super Nintendo;The Software Toolworks;1993
Marko's Magic Football;Super Nintendo;Domark;1995
Maru's Quest;Super Nintendo;;Cancelled
Marvel Super Heroes: War of the Gems;Super Nintendo;Capcom;1996
Maui Mallard in Cold Shadow;Super Nintendo;Eurocom Entertainment Software;28/11/1996
MechWarrior;Super Nintendo;Beam Software;1993
MechWarrior 3050;Super Nintendo;Tiburon Entertainment;1995
Mega Man 7;Super Nintendo;Capcom;20/11/1995
Mega Man X;Super Nintendo;Capcom;01/05/1994
Mega Man X2;Super Nintendo;Capcom;18/11/1995
Mega Man X3;Super Nintendo;Minakuchi Engineering;15/05/1996
Mega-Lo-Mania;Super Nintendo;Sensible Software;31/12/1994
Metal Combat: Falcon's Revenge;Super Nintendo;Intelligent Systems;1994
Metal Marines;Super Nintendo;Namco;1994
Michael Jordan: Chaos in the Windy City;Super Nintendo;Electronic Arts;11/03/1995
Mickey Mania: The Timeless Adventures of Mickey Mouse;Super Nintendo;Traveller's Tales;28/10/1994
Micro Machines;Super Nintendo;Codemasters;1994
Micro Machines 2: Turbo Tournament;Super Nintendo;Codemasters;22/02/1996
Might and Magic II;Super Nintendo;Iguana Entertainment;1993
Mighty Morphin Power Rangers;Super Nintendo;Natsume Co., Ltd.;11/1994
Mighty Morphin Power Rangers: The Fighting Edition;Super Nintendo;Natsume Co., Ltd.;11/1995
Mighty Morphin Power Rangers: The Movie;Super Nintendo;Natsume Co., Ltd.;1995
Mohawk & Headphone Jack;Super Nintendo;Solid Software;27/03/1997
Mortal Kombat;Super Nintendo;Sculptured Software;13/09/1993
Mortal Kombat 3;Super Nintendo;Sculptured Software;20/10/1995
Mortal Kombat II;Super Nintendo;Sculptured Software;09/09/1994
Mr. Do!;Super Nintendo;C-Lab;27/03/1997
Mr. Nutz;Super Nintendo;Ocean Software;1993
Ms. Pac-Man;Super Nintendo;Digital Eclipse Software;03/1997
Mystery Dungeon: Taloon's Great Adventure;Super Nintendo;Chunsoft;Cancelled
Mystic Quest Legend;Super Nintendo;Square;15/10/1993
NBA All-Star Challenge;Super Nintendo;Beam Software;1993
NBA Give 'n Go;Super Nintendo;Konami;1995
NBA Hangtime;Super Nintendo;Funcom;1996
NBA Jam;Super Nintendo;Iguana Entertainment;04/03/1994
NBA Jam Tournament Edition;Super Nintendo;Iguana Entertainment;23/02/1995
NBA Live 95;Super Nintendo;Electronic Arts;1994
NBA Live 96;Super Nintendo;Electronic Arts;23/11/1995
NBA Live 97;Super Nintendo;Electronic Arts;1996
Newman/Haas IndyCar featuring Nigel Mansell;Super Nintendo;Gremlin Interactive;08/12/1994
NFL Football;Super Nintendo;Park Place Productions;1993
NFL Quarterback Club;Super Nintendo;Iguana Entertainment;04/1995
NFL Quarterback Club 96;Super Nintendo;Iguana Entertainment;1995
NHL 95;Super Nintendo;Visual Concepts / High Score Productions;08/12/1994
NHL 96;Super Nintendo;High Score Productions / Tiburon Entertainment;26/10/1995
NHL 97;Super Nintendo;Ceris Software;28/11/1996
NHL Hockey '94;Super Nintendo;Electronic Arts;31/03/1994
NHLPA Hockey '93;Super Nintendo;Electronic Arts;05/04/1993
Nigel Mansell's World Championship;Super Nintendo;Gremlin Interactive;16/12/1993
Ninja Warriors: The New Generation;Super Nintendo;Natsume Co., Ltd.;04/1995
Nintendo Scope 6;Super Nintendo;Nintendo R&D1 / Intelligent Systems;26/08/1992
Olympic Summer Games;Super Nintendo;Black Pearl Software / Tiertex Design Studios;27/06/1996
On the Ball;Super Nintendo;Taito;1992
Operation Logic Bomb;Super Nintendo;Jaleco;1993
Oscar;Super Nintendo;Flair Software;12/1996
Outlander;Super Nintendo;Mindscape;1993
Pac-Attack;Super Nintendo;Namco;1993
Pac-In-Time;Super Nintendo;Kalisto Entertainment;01/1995
Pac-Man 2: The New Adventures;Super Nintendo;Namco;1994
Paperboy 2;Super Nintendo;Eastridge Technology;1992
Parodius;Super Nintendo;Konami;1992
PGA European Tour;Super Nintendo;Electronic Arts;12/1996
PGA Tour 96;Super Nintendo;Electronic Arts;1996
PGA Tour Golf;Super Nintendo;Polygames;1992
Phalanx;Super Nintendo;Kemco;1992
Phantom 2040;Super Nintendo;Viacom New Media;11/1995
Pierre le Chef is... Out to Lunch;Super Nintendo;Mindscape;09/1993
Pilotwings;Super Nintendo;Nintendo EAD;1992
Pinball Dreams;Super Nintendo;Spidersoft;25/08/1994
Pinball Fantasies;Super Nintendo;Spidersoft;02/1995
Pink Goes to Hollywood;Super Nintendo;Manley & Associates;1993
Pinocchio;Super Nintendo;Virgin Interactive Entertainment;28/11/1996
Pit-Fighter;Super Nintendo;Eastridge Technology;1992
Pitfall: The Mayan Adventure;Super Nintendo;Redline Games;12/1994
Plok;Super Nintendo;Software Creations;01/12/1993
Pocky & Rocky;Super Nintendo;Natsume Co., Ltd.;19/08/1993
Pocky & Rocky 2;Super Nintendo;Natsume Co., Ltd.;04/1995
Pop'n TwinBee;Super Nintendo;Konami;11/1993
Pop'n TwinBee: Rainbow Bell Adventures;Super Nintendo;Konami;1994
Populous;Super Nintendo;Infinity Co., Ltd;1992
Populous II: Trials of the Olympian Gods;Super Nintendo;Infinity Co., Ltd;1993
Porky Pig's Haunted Holiday;Super Nintendo;Phoenix Interactive Entertainment;11/1995
Power Drive;Super Nintendo;Rage Software;11/1994
Power Moves;Super Nintendo;System Vision;04/10/1993
Power Piggs of the Dark Age;Super Nintendo;Radical Entertainment;29/09/1997
Powermonger;Super Nintendo;Bullfrog Productions;1993
Prehistorik Man;Super Nintendo;Titus Software;27/06/1996
Primal Rage;Super Nintendo;Bitmasters;25/08/1995
Prince of Persia;Super Nintendo;Arsys Software;01/11/1992
Prince of Persia 2: The Shadow and the Flame;Super Nintendo;Titus Software;1996
Push-Over;Super Nintendo;Red Rat Software;1992
Putty Squad;Super Nintendo;System 3;1994
Puzzle Bobble: Bust-a-Move;Super Nintendo;Taito;1995
R-Type III: The Third Lightning;Super Nintendo;Tamtex;1994
Race Drivin';Super Nintendo;Imagineering;01/10/1992
Radical Rex;Super Nintendo;Beam Software;09/1994
Ranma ½;Super Nintendo;Atelier Double;12/11/1993
Realm;Super Nintendo;Titus Software;27/02/1996
Revolution X;Super Nintendo;Rage Software;1995
Rise of the Robots;Super Nintendo;Data Design Interactive;01/1995
Rival Turf!;Super Nintendo;Jaleco;1993
Road Riot 4WD;Super Nintendo;Equilibrium;1992
RoboCop 3;Super Nintendo;Ocean Software;11/1992
RoboCop Versus The Terminator;Super Nintendo;Interplay Entertainment;24/08/1993
Rock n' Roll Racing;Super Nintendo;Silicon & Synapse;31/03/1994
Run Saber;Super Nintendo;Hori Electric;11/1993
Sailor Moon;Super Nintendo;Angel;11/1994
Samurai Shodown;Super Nintendo;Takara;1994
Saturday Night Slam Masters;Super Nintendo;Capcom;09/1994
SeaQuest DSV;Super Nintendo;Sculptured Software;27/07/1995
Secret of Evermore;Super Nintendo;Square;22/02/1996
Secret of Mana;Super Nintendo;Square;25/11/1994
Sensible Soccer: European Champions;Super Nintendo;Sensible Software;02/1994
Shadowrun;Super Nintendo;Beam Software;08/1993
Shanghai II: Dragon's Eye;Super Nintendo;Hot-B;1993
Shaq Fu;Super Nintendo;Delphine Software International;28/10/1994
Side Pocket;Super Nintendo;Iguana Entertainment;1994
SimCity;Super Nintendo;Nintendo EAD / Intelligent Systems;24/09/1992
SimCity 2000;Super Nintendo;HAL Laboratory;19/12/1996
Sink or Swim;Super Nintendo;Zeppelin Games;31/12/1994
Skyblazer;Super Nintendo;Ukiyotei;25/03/1994
Smash Tennis;Super Nintendo;Namco;1994
Soccer Kid;Super Nintendo;Krisalis Software;06/1994
Soccer Shootout;Super Nintendo;A-Max;1994
Sonic Blast Man;Super Nintendo;I.T.L / Zuntata;1993
Soul Blazer;Super Nintendo;Quintet;27/01/1994
Space Ace;Super Nintendo;Oxford Digital Enterprises;1994
Space Invaders;Super Nintendo;Taito;1997
Space Megaforce;Super Nintendo;Compile;1992
Spanky's Quest;Super Nintendo;Natsume Co., Ltd.;1992
Sparkster;Super Nintendo;Konami;1994
Spectre;Super Nintendo;Synergistic Software;07/1994
Speedy Gonzales: Los Gatos Bandidos;Super Nintendo;Sunsoft;Cancelled
Spider-Man;Super Nintendo;Western Technologies;03/1995
Spider-Man and the X-Men in Arcade's Revenge;Super Nintendo;Software Creations;19/08/1993
Spider-Man and Venom: Maximum Carnage;Super Nintendo;Software Creations;24/11/1994
Spindizzy Worlds;Super Nintendo;ASCII Entertainment;1992
Spirou;Super Nintendo;Infogrames;29/09/1995
Star Trek: Deep Space Nine – Crossroads of Time;Super Nintendo;Novotrade;1995
Star Trek: Starfleet Academy - Starship Bridge Simulator;Super Nintendo;Interplay Entertainment;1994
Star Trek: The Next Generation – Future's Past;Super Nintendo;Spectrum HoloByte;1994
Stargate;Super Nintendo;Tantalus Interactive;29/06/1995
Starwing;Super Nintendo;Nintendo EAD / Argonaut Software;03/06/1993
Street Combat;Super Nintendo;NCS Corp / Opus / Winds;07/1993
Street Fighter Alpha 2;Super Nintendo;Capcom;19/12/1996
Street Fighter II Turbo: Hyper Fighting;Super Nintendo;Capcom;10/1993
Street Fighter II: The World Warrior;Super Nintendo;Capcom;05/10/1992
Street Racer;Super Nintendo;Vivid Image;08/12/1994
Striker;Super Nintendo;Rage Software;10/1993
Stunt Race FX;Super Nintendo;Nintendo EAD / Argonaut Software;27/10/1994
Sunset Riders;Super Nintendo;Konami;10/1993
Super Adventure Island;Super Nintendo;Produce;19/11/1992
Super Adventure Island II;Super Nintendo;Make;03/1995
Super B.C. Kid;Super Nintendo;A.I. Company Ltd.;1995
Super Battleship;Super Nintendo;World Builders Synergistic;1994
Super Battletank 2;Super Nintendo;Absolute Entertainment;08/08/1994
Super BattletankJP;Super Nintendo;Imagineering;18/03/1993
Super Bomberman;Super Nintendo;Produce;20/11/1993
Super Bomberman 2;Super Nintendo;Produce;11/1994
Super Bomberman 3;Super Nintendo;Hudson Soft;10/1995
Super Buster Bros.;Super Nintendo;Capcom;1992
Super Castlevania IV;Super Nintendo;Konami;27/08/1992
Super Chase H.Q.;Super Nintendo;Taito;1993
Super Conflict;Super Nintendo;Manley & Associates;1994
Super Dany;Super Nintendo;Cryo Interactive;1994
Super Double Dragon;Super Nintendo;Technōs Japan;30/09/1993
Super Ghouls 'n Ghosts;Super Nintendo;Capcom;10/12/1992
Super Goal!;Super Nintendo;Tose;1992
Super Hockey;Super Nintendo;Sculptured Software;1993
Super Ice Hockey;Super Nintendo;Opera House;1994
Super International Cricket;Super Nintendo;Beam Software;07/1995
Super James Pond;Super Nintendo;Vectordean;09/1993
Super Loopz;Super Nintendo;Graffiti;Cancelled
Super Mario All-Stars;Super Nintendo;Nintendo EAD;16/12/1993
Super Mario All-Stars + Super Mario World;Super Nintendo;Nintendo EAD;1995
Super Mario Kart;Super Nintendo;Nintendo EAD;21/01/1993
Super Mario World;Super Nintendo;Nintendo EAD;11/04/1992
Super Mario World 2: Yoshi's Island;Super Nintendo;Nintendo EAD;05/10/1995
Super Metroid;Super Nintendo;Nintendo R&D1 / Intelligent Systems;28/07/1994
Super Morph;Super Nintendo;Millennium Interactive;1993
Super Off Road;Super Nintendo;Software Creations;24/06/1993
Super Pinball: Behind the Mask;Super Nintendo;KAZe;08/08/1994
Super Probotector: Alien Rebels;Super Nintendo;Konami;19/11/1992
Super Punch-Out!!;Super Nintendo;Nintendo R&D3 / Locomotive Corporation;10/02/1995
Super Putty;Super Nintendo;System 3;1993
Super R-Type;Super Nintendo;Irem;04/06/1992
Super Smash TV;Super Nintendo;Beam Software;18/02/1993
Super Soccer;Super Nintendo;Human Entertainment;11/04/1992
Super Star Wars;Super Nintendo;LucasArts / Sculptured Software;02/04/1993
Super Star Wars: Return of the Jedi;Super Nintendo;LucasArts / Sculptured Software;30/03/1995
Super Star Wars: The Empire Strikes Back;Super Nintendo;LucasArts / Sculptured Software;18/02/1994
Super Street Fighter II: The New Challengers;Super Nintendo;Capcom;02/12/1994
Super Strike Eagle;Super Nintendo;MicroProse;25/11/1993
Super Strike Gunner;Super Nintendo;Athena;11/1992
Super SWIV;Super Nintendo;Sales Curve Interactive;19/08/1993
Super Tennis;Super Nintendo;Tose;11/04/1992
Super Troll Islands;Super Nintendo;Millennium Interactive;1994
Super Turrican;Super Nintendo;Factor 5;1993
Super Turrican 2;Super Nintendo;Factor 5;05/1995
Super Widget;Super Nintendo;Atlus;1993
Syndicate;Super Nintendo;Bullfrog Productions;01/1995
Syvalion;Super Nintendo;Taito;11/1992
T2: The Arcade Game;Super Nintendo;Probe Entertainment;01/1994
Targa;Super Nintendo;Rainbow Arts;Cancelled
Taz-Mania;Super Nintendo;Visual Concepts;1993
Tecmo Super NBA Basketball;Super Nintendo;Sculptured Software;1993
Teenage Mutant Hero Turtles IV: Turtles in Time;Super Nintendo;Konami;19/11/1992
Teenage Mutant Hero Turtles: Tournament Fighters;Super Nintendo;Konami;12/1993
Terminator 2: Judgment Day;Super Nintendo;Bits Studios;1993
Terranigma;Super Nintendo;Quintet;19/12/1996
Tetris & Dr. Mario;Super Nintendo;Nintendo;27/07/1995
Tetris 2;Super Nintendo;Tose;1995
Tetris Attack;Super Nintendo;Intelligent Systems;28/11/1996
The Addams Family;Super Nintendo;Ocean Software;19/11/1992
The Addams Family: Pugsley's Scavenger Hunt;Super Nintendo;Ocean Software;1992
The Adventures of Batman & Robin;Super Nintendo;Konami;1994
The Adventures of Dr. Franken;Super Nintendo;MotiveTime;1993
The Adventures of Mighty Max;Super Nintendo;WJS Design;1995
The Adventures of Tintin: Prisoners of the Sun;Super Nintendo;Infogrames;09/02/1997
The Blues Brothers;Super Nintendo;Titus Software;1993
The Brainies;Super Nintendo;Titus Software;1996
The Chaos Engine;Super Nintendo;Bitmap Brothers;07/1994
The Chessmaster;Super Nintendo;Eastridge Technology;1992
The Death and Return of Superman;Super Nintendo;Blizzard Entertainment;11/1994
The Duel: Test Drive II;Super Nintendo;Distinctive Software;1992
The Firemen;Super Nintendo;Human Entertainment;03/1995
The Flintstones;Super Nintendo;Ocean Software;04/1995
The Flintstones: The Treasure of Sierra Madrock;Super Nintendo;Taito / Sol Corporation;23/06/1994
The Great Circus Mystery Starring Mickey & Minnie;Super Nintendo;Capcom;27/04/1995
The Humans;Super Nintendo;Imagitec Design;31/12/1993
The Hunt for Red October;Super Nintendo;Riedel Software Productions;1993
The Incredible Crash Dummies;Super Nintendo;Gray Matter;1993
The Incredible Hulk;Super Nintendo;Probe Entertainment;1993
The Itchy & Scratchy Game;Super Nintendo;Bits Studios;1995
The Jungle Book;Super Nintendo;Eurocom Entertainment Software;24/09/1994
The King of Dragons;Super Nintendo;Capcom;08/1994
The Lawnmower Man;Super Nintendo;Sales Curve Interactive;1993
The Legend of the Mystical Ninja;Super Nintendo;Konami;1994
The Legend of Zelda: A Link to the Past;Super Nintendo;Nintendo EAD;24/09/1992
The Lion King;Super Nintendo;Westwood Studios;11/11/1994
The Lost Vikings;Super Nintendo;Silicon & Synapse;28/10/1993
The Lost Vikings 2;Super Nintendo;Blizzard Entertainment;27/02/1997
The Magical Quest Starring Mickey Mouse;Super Nintendo;Capcom;18/03/1993
The Mask;Super Nintendo;Black Pearl Software;26/10/1995
The Pagemaster;Super Nintendo;Probe Entertainment;23/05/1995
The Pirates of Dark Water;Super Nintendo;Sunsoft;1994
The Ren & Stimpy Show: Fire Dogs;Super Nintendo;Argonaut Software;02/1995
The Ren & Stimpy Show: Time Warp;Super Nintendo;Sculptured Software;1994
The Ren & Stimpy Show: Veediots!;Super Nintendo;Gray Matter;1993
The Simpsons: Bart's Nightmare;Super Nintendo;Sculptured Software;18/02/1993
The Smurfs;Super Nintendo;Infogrames;1994
The Smurfs Travel The World;Super Nintendo;Infogrames;1996
The Terminator;Super Nintendo;Gray Matter;1993
Theme Park;Super Nintendo;Bullfrog Productions;11/11/1994
Thomas the Tank Engine & Friends;Super Nintendo;Software Creations;31/12/1993
Time Slip;Super Nintendo;Sales Curve Interactive;1993
Time Trax;Super Nintendo;Malibu Interactive;07/1994
Timecop;Super Nintendo;Cryo Interactive;1996
Timon & Pumbaa's Jungle Games;Super Nintendo;Tiertex Design Studios;26/03/1998
Tintin in Tibet;Super Nintendo;Infogrames;14/12/1995
Tiny Toon Adventures: Buster Busts Loose!;Super Nintendo;Konami;24/06/1993
Tiny Toon Adventures: Wild & Wacky Sports;Super Nintendo;Konami;25/04/1994
TKO Super Championship Boxing;Super Nintendo;Sting Entertainment;1993
Tom and Jerry;Super Nintendo;Riedel Software Productions;1993
Top Gear;Super Nintendo;Gremlin Interactive;19/11/1992
Top Gear 2;Super Nintendo;Gremlin Interactive;1993
Top Gear 3000;Super Nintendo;Gremlin Interactive;1995
Total Carnage;Super Nintendo;Black Pearl Software;1993
Toy Story;Super Nintendo;Traveller's Tales;25/04/1996
Toys;Super Nintendo;Imagineering;1993
Troddlers;Super Nintendo;Atod;1993
True Golf Classics: Pebble Beach Golf Links;Super Nintendo;T&E Soft;1992
True Lies;Super Nintendo;Beam Software;29/06/1995
Tuff E Nuff;Super Nintendo;Jaleco;1993
Turn and Burn: No-Fly Zone;Super Nintendo;Absolute Entertainment;08/08/1994
U.N. Squadron;Super Nintendo;Capcom;12/1992
Ultimate Mortal Kombat 3;Super Nintendo;Avalanche Software;28/11/1996
Ultraman: Towards the Future;Super Nintendo;Nova Games;1992
Unirally;Super Nintendo;DMA Design;27/04/1995
Urban Strike;Super Nintendo;Granite Bay Software;1995
Utopia: The Creation of a Nation;Super Nintendo;Jaleco;08/1994
Val d'Isere Championship;Super Nintendo;Loriciel;28/04/1994
Vegas Stakes;Super Nintendo;HAL Laboratory;1993
Venom/Spider-Man: Separation Anxiety;Super Nintendo;Software Creations;1995
Virtual Bart;Super Nintendo;Sculptured Software;1994
Virtual Soccer;Super Nintendo;Probe Entertainment;1994
Vortex;Super Nintendo;Argonaut Software;12/1994
Wario's Woods;Super Nintendo;Nintendo / Intelligent Systems;1995
Warlock;Super Nintendo;Realtime Associates;1994
WarpSpeed;Super Nintendo;Accolade;1992
Waterworld;Super Nintendo;Ocean Software;1995
Wayne's World;Super Nintendo;Gray Matter;1993
We're Back! A Dinosaur's Story;Super Nintendo;Visual Concepts;1993
Weaponlord;Super Nintendo;Visual Concepts;1995
Where in the World Is Carmen Sandiego?;Super Nintendo;EA Canada;10/1993
Whirlo;Super Nintendo;Nova Games;1992
Whizz;Super Nintendo;Flair Software;1997
Wild Guns;Super Nintendo;Natsume Co., Ltd.;31/10/1996
Williams Arcade's Greatest Hits;Super Nintendo;Digital Eclipse Software;08/01/1997
Wing Commander;Super Nintendo;Origin Systems;1993
Wing Commander: The Secret Missions;Super Nintendo;Origin Systems;10/1993
Winter Gold;Super Nintendo;Funcom;28/11/1996
Winter Olympic Games: Lillehammer '94;Super Nintendo;U.S. Gold;24/02/1994
Wolfenstein 3D;Super Nintendo;Imagineer;1994
Wolverine: Adamantium Rage;Super Nintendo;Bits Studios;12/1994
World Class Rugby;Super Nintendo;Audiogenic;1993
World Cup Striker;Super Nintendo;Rage Software / Elite Systems;15/07/1994
World Cup USA '94;Super Nintendo;U.S. Gold;26/05/1994
World Heroes;Super Nintendo;Sunsoft;1993
World League Basketball;Super Nintendo;Sculptured Software;22/07/1993
World Masters Golf;Super Nintendo;Arc Developments;23/11/1995
World Soccer;Super Nintendo;Sculptured Software;Cancelled
Worms;Super Nintendo;Team17;27/09/1996
WWF RAW;Super Nintendo;Sculptured Software;12/1994
WWF Royal Rumble;Super Nintendo;Sculptured Software;1993
WWF Super WrestleMania;Super Nintendo;Sculptured Software;1992
WWF WrestleMania: The Arcade Game;Super Nintendo;Sculptured Software;25/01/1996
X-Kaliber 2097;Super Nintendo;Fupac / Winds;12/1994
X-Men: Mutant Apocalypse;Super Nintendo;Capcom;1995
X-Zone;Super Nintendo;Kemco;1993
Yogi Bear's Cartoon Capers;Super Nintendo;Blue Turtle;24/11/1994
Yoshi's Cookie;Super Nintendo;Bullet-Proof Software;1993
Yoshi's Safari;Super Nintendo;Nintendo R&D1;1993
Young Merlin;Super Nintendo;Westwood Studios;1994
Zero the Kamikaze Squirrel;Super Nintendo;Iguana Entertainment;30/03/1995
Zombies;Super Nintendo;LucasArts;04/10/1993
"Zool: Ninja of the ""Nth"" Dimension";Super Nintendo;Gremlin Interactive;1994
Zoop;Super Nintendo;Hookstone;1995
